1,his,確認テスト
2,buid,作る
3,hodw,jjj
4,won,時間
5,owmd,ない
6,his,確認テスト
7,buid,作る
8,hodw,jjj
9,won,時間
10,owmd,ない
11,his,確認テスト
12,buid,作る
13,hodw,jjj
14,won,時間
15,owmd,ない
16,his,確認テスト
17,buid,作る
18,hodw,jjj
19,won,時間
20,owmd,ない
21,his,確認テスト
22,buid,作る
23,hodw,jjj
24,won,時間
25,owmd,ない
26,his,確認テスト
27,buid,作る
28,hodw,jjj
29,won,時間
30,owmd,ない
31,his,確認テスト
32,buid,作る
33,hodw,jjj
34,won,時間
35,owmd,ない
36,his,確認テスト
37,buid,作る
38,hodw,jjj
39,won,時間
40,owmd,ない
41,his,確認テスト
42,buid,作る
43,hodw,jjj
44,won,時間
45,owmd,ない
46,his,確認テスト
47,buid,作る
48,hodw,jjj
49,won,時間
50,owmd,ない
51,his,確認テスト
52,buid,作る
53,hodw,jjj
54,won,時間
55,owmd,ない
56,his,確認テスト
57,buid,作る
58,hodw,jjj
59,won,時間
60,owmd,ない
61,his,確認テスト
62,buid,作る
63,hodw,jjj
64,won,時間
65,owmd,ない
66,his,確認テスト
67,buid,作る
68,hodw,jjj
69,won,時間
70,owmd,ない
71,his,確認テスト
72,buid,作る
73,hodw,jjj
74,won,時間
75,owmd,ない
76,his,確認テスト
77,buid,作る
78,hodw,jjj
79,won,時間
80,owmd,ない
81,his,確認テスト
82,buid,作る
83,hodw,jjj
84,won,時間
85,owmd,ない
86,his,確認テスト
87,buid,作る
88,hodw,jjj
89,won,時間
90,owmd,ない
91,his,確認テスト
92,buid,作る
93,hodw,jjj
94,won,時間
95,owmd,ない
96,his,確認テスト
97,buid,作る
98,hodw,jjj
99,won,時間
100,owmd,ない
